<?xml version="1.0" encoding="UTF-8"?>
<DocSetNodes version="1.0">
  <TOC>
    <Node>
      <Name>Root</Name>
      <Path>index.html</Path>
      <Subnodes>
       <Node>
        <Name>Related Pages</Name>
        <Path>pages.html</Path>
        <Subnodes>
         <Node>
          <Name>Deprecated List</Name>
          <Path>deprecated.html</Path>
          <Subnodes>
          </Subnodes>
         </Node>
        </Subnodes>
       </Node>
       <Node>
        <Name>Modules</Name>
        <Path>modules.html</Path>
        <Subnodes>
         <Node>
          <Name>iSerial SDK</Name>
          <Path>group___g___i_s_e_r_i_a_l.html</Path>
          <Subnodes>
          </Subnodes>
         </Node>
         <Node>
          <Name>Linea SDK</Name>
          <Path>group___g___l_i_n_e_a.html</Path>
          <Subnodes>
           <Node>
            <Name>Delegate Notifications</Name>
            <Path>group___g___l_n_d_e_l_e_g_a_t_e.html</Path>
            <Subnodes>
            </Subnodes>
           </Node>
           <Node>
            <Name>General functions</Name>
            <Path>group___g___l_n_g_e_n_e_r_a_l.html</Path>
            <Subnodes>
            </Subnodes>
           </Node>
           <Node>
            <Name>Magnetic Stripe Reader Functions</Name>
            <Path>group___g___l_n_m_s_r_e_a_d_e_r.html</Path>
            <Subnodes>
            </Subnodes>
           </Node>
           <Node>
            <Name>Barcode Reader Functions</Name>
            <Path>group___g___l_n_b_a_r_c_o_d_e_r_e_a_d_e_r.html</Path>
            <Subnodes>
            </Subnodes>
           </Node>
           <Node>
            <Name>Mifare Reader Functions</Name>
            <Path>group___g___l_n_m_f_r_e_a_d_e_r.html</Path>
            <Subnodes>
            </Subnodes>
           </Node>
           <Node>
            <Name>Cryptographic &amp; Security Functions</Name>
            <Path>group___g___l_n_c_r_y_p_t_o.html</Path>
            <Subnodes>
            </Subnodes>
           </Node>
           <Node>
            <Name>Bluetooth Functions</Name>
            <Path>group___g___l_n_b_l_u_e_t_o_o_t_h.html</Path>
            <Subnodes>
            </Subnodes>
           </Node>
           <Node>
            <Name>Encrypted Magnetic Head Functions</Name>
            <Path>group___g___l_e_m_s_r.html</Path>
            <Subnodes>
            </Subnodes>
           </Node>
          </Subnodes>
         </Node>
         <Node>
          <Name>Printer SDK</Name>
          <Path>group___g___p_r_i_n_t_e_r.html</Path>
          <Subnodes>
           <Node>
            <Name>Delegate Notifications</Name>
            <Path>group___g___p_r_n_d_e_l_e_g_a_t_e.html</Path>
            <Subnodes>
            </Subnodes>
           </Node>
           <Node>
            <Name>General functions</Name>
            <Path>group___g___p_r_n_g_e_n_e_r_a_l.html</Path>
            <Subnodes>
            </Subnodes>
           </Node>
           <Node>
            <Name>Page Mode Functions</Name>
            <Path>group___g___p_r_n_p_a_g_e_m_o_d_e.html</Path>
            <Subnodes>
            </Subnodes>
           </Node>
           <Node>
            <Name>Barcode Reader Functions</Name>
            <Path>group___g___p_r_n_b_a_r_c_o_d_e_r_e_a_d_e_r.html</Path>
            <Subnodes>
            </Subnodes>
           </Node>
           <Node>
            <Name>Magnetic Stripe Reader Functions</Name>
            <Path>group___g___p_r_n_m_s_r_e_a_d_e_r.html</Path>
            <Subnodes>
            </Subnodes>
           </Node>
           <Node>
            <Name>SmartCard Reader Functions</Name>
            <Path>group___g___p_r_n_s_c_r_e_a_d_e_r.html</Path>
            <Subnodes>
            </Subnodes>
           </Node>
           <Node>
            <Name>Mifare Reader Functions</Name>
            <Path>group___g___p_r_n_m_f_r_e_a_d_e_r.html</Path>
            <Subnodes>
            </Subnodes>
           </Node>
           <Node>
            <Name>Table Functions</Name>
            <Path>group___g___p_r_n_t_a_b_l_e_s.html</Path>
            <Subnodes>
            </Subnodes>
           </Node>
           <Node>
            <Name>Cryptographic &amp; Security Functions</Name>
            <Path>group___g___p_r_n_c_r_y_p_t_o.html</Path>
            <Subnodes>
            </Subnodes>
           </Node>
          </Subnodes>
         </Node>
        </Subnodes>
       </Node>
       <Node>
        <Name>Class List</Name>
        <Path>annotated.html</Path>
        <Subnodes>
         <Node>
          <Name>iSerial</Name>
          <Path>interfacei_serial.html</Path>
         </Node>
         <Node>
          <Name>&lt;iSerialDelegate&gt;</Name>
          <Path>protocoli_serial_delegate-p.html</Path>
         </Node>
         <Node>
          <Name>Linea</Name>
          <Path>interface_linea.html</Path>
         </Node>
         <Node>
          <Name>&lt;LineaDelegate&gt;</Name>
          <Path>protocol_linea_delegate-p.html</Path>
         </Node>
         <Node>
          <Name>Printer</Name>
          <Path>interface_printer.html</Path>
         </Node>
         <Node>
          <Name>&lt;PrinterDelegate&gt;</Name>
          <Path>protocol_printer_delegate-p.html</Path>
         </Node>
        </Subnodes>
       </Node>
       <Node>
        <Name>Class Index</Name>
        <Path>classes.html</Path>
       </Node>
       <Node>
        <Name>Class Members</Name>
        <Path>functions.html</Path>
       </Node>
      </Subnodes>
    </Node>
  </TOC>
</DocSetNodes>
